group	colour	showSelected2	fill
1	#619CFF	3	#619CFF
1	#619CFF	3	#619CFF
1	#619CFF	3	#619CFF
1	#619CFF	3	#619CFF
1	#619CFF	3	#619CFF
1	#619CFF	3	#619CFF
1	#619CFF	3	#619CFF
1	#619CFF	3	#619CFF
1	#619CFF	3	#619CFF
1	#619CFF	3	#619CFF
1	#619CFF	3	#619CFF
1	#619CFF	3	#619CFF
1	#619CFF	3	#619CFF
1	#619CFF	3	#619CFF
1	#619CFF	3	#619CFF
1	#619CFF	3	#619CFF
1	#619CFF	3	#619CFF
1	#619CFF	3	#619CFF
1	#619CFF	3	#619CFF
1	#619CFF	3	#619CFF
1	#619CFF	3	#619CFF
1	#619CFF	3	#619CFF
1	#619CFF	3	#619CFF
1	#619CFF	3	#619CFF
1	#619CFF	3	#619CFF
1	#619CFF	3	#619CFF
1	#619CFF	3	#619CFF
1	#619CFF	3	#619CFF
1	#619CFF	3	#619CFF
1	#619CFF	3	#619CFF
1	#619CFF	3	#619CFF
1	#619CFF	3	#619CFF
1	#619CFF	3	#619CFF
1	#619CFF	3	#619CFF
1	#619CFF	3	#619CFF
1	#619CFF	3	#619CFF
1	#619CFF	3	#619CFF
1	#619CFF	3	#619CFF
1	#619CFF	3	#619CFF
1	#619CFF	3	#619CFF
1	#619CFF	3	#619CFF
1	#619CFF	3	#619CFF
1	#619CFF	3	#619CFF
1	#619CFF	3	#619CFF
1	#619CFF	3	#619CFF
1	#619CFF	3	#619CFF
1	#619CFF	3	#619CFF
1	#619CFF	3	#619CFF
1	#619CFF	3	#619CFF
1	#619CFF	3	#619CFF
1	#F8766D	1	#F8766D
1	#F8766D	1	#F8766D
1	#F8766D	1	#F8766D
1	#619CFF	3	#619CFF
1	#619CFF	3	#619CFF
1	#F8766D	1	#F8766D
1	#F8766D	1	#F8766D
1	#619CFF	3	#619CFF
1	#F8766D	1	#F8766D
1	#00BA38	2	#00BA38
1	#F8766D	1	#F8766D
1	#00BA38	2	#00BA38
1	#619CFF	3	#619CFF
1	#F8766D	1	#F8766D
1	#F8766D	1	#F8766D
1	#F8766D	1	#F8766D
1	#F8766D	1	#F8766D
1	#619CFF	3	#619CFF
1	#F8766D	1	#F8766D
1	#619CFF	3	#619CFF
1	#F8766D	1	#F8766D
1	#619CFF	3	#619CFF
1	#619CFF	3	#619CFF
1	#F8766D	1	#F8766D
1	#00BA38	2	#00BA38
1	#619CFF	3	#619CFF
1	#F8766D	1	#F8766D
1	#F8766D	1	#F8766D
1	#619CFF	3	#619CFF
1	#F8766D	1	#F8766D
1	#00BA38	2	#00BA38
1	#F8766D	1	#F8766D
1	#F8766D	1	#F8766D
1	#619CFF	3	#619CFF
1	#619CFF	3	#619CFF
1	#00BA38	2	#00BA38
1	#F8766D	1	#F8766D
1	#F8766D	1	#F8766D
1	#00BA38	2	#00BA38
1	#619CFF	3	#619CFF
1	#F8766D	1	#F8766D
1	#619CFF	3	#619CFF
1	#619CFF	3	#619CFF
1	#619CFF	3	#619CFF
1	#619CFF	3	#619CFF
1	#F8766D	1	#F8766D
1	#619CFF	3	#619CFF
1	#00BA38	2	#00BA38
1	#00BA38	2	#00BA38
1	#619CFF	3	#619CFF
1	#00BA38	2	#00BA38
1	#00BA38	2	#00BA38
1	#F8766D	1	#F8766D
1	#00BA38	2	#00BA38
1	#F8766D	1	#F8766D
1	#F8766D	1	#F8766D
1	#F8766D	1	#F8766D
1	#F8766D	1	#F8766D
1	#00BA38	2	#00BA38
1	#00BA38	2	#00BA38
1	#00BA38	2	#00BA38
1	#00BA38	2	#00BA38
1	#00BA38	2	#00BA38
1	#F8766D	1	#F8766D
1	#F8766D	1	#F8766D
1	#00BA38	2	#00BA38
1	#F8766D	1	#F8766D
1	#00BA38	2	#00BA38
1	#F8766D	1	#F8766D
1	#F8766D	1	#F8766D
1	#F8766D	1	#F8766D
1	#F8766D	1	#F8766D
1	#00BA38	2	#00BA38
1	#00BA38	2	#00BA38
1	#F8766D	1	#F8766D
1	#00BA38	2	#00BA38
1	#F8766D	1	#F8766D
1	#F8766D	1	#F8766D
1	#00BA38	2	#00BA38
1	#F8766D	1	#F8766D
1	#00BA38	2	#00BA38
1	#F8766D	1	#F8766D
1	#F8766D	1	#F8766D
1	#F8766D	1	#F8766D
1	#F8766D	1	#F8766D
1	#F8766D	1	#F8766D
1	#F8766D	1	#F8766D
1	#F8766D	1	#F8766D
1	#00BA38	2	#00BA38
1	#F8766D	1	#F8766D
1	#F8766D	1	#F8766D
1	#F8766D	1	#F8766D
1	#00BA38	2	#00BA38
1	#F8766D	1	#F8766D
1	#F8766D	1	#F8766D
1	#00BA38	2	#00BA38
1	#F8766D	1	#F8766D
1	#F8766D	1	#F8766D
1	#F8766D	1	#F8766D
1	#F8766D	1	#F8766D
